CD_NOM;LRR_N;LRR_N_det;LRR_H;LRR_H_det;LRR_P;LRR_P_det
977;LC;;NAd;;;
974;NAb;;LC;;;
965;LC;;LC;;;
1009;EN;C1;;;NAd;
1031;CR;E;NAd;;DD;
534802;CR;D1;;;;
2437;NAb;;NAc;;NAd;
2440;NT;VU(D)-1;LC;;NAd;
2452;EN;CR(D)-1;NAd;;;
2506;LC;;NAc;;NAd;
2508;VU;VU(D);;;;
2486;VU;VU(D);;;;
2489;LC;;NAc;;;
2504;VU;EN(D)-1;LC;;;
2497;LC;;NAc;;;
2481;VU;VU(D);NAc;;;
2477;EN;D1;;;NAd;
2473;EN;D;NAd;;NAd;
2517;VU;EN(D)-1;NAc;;NAd;
2530;VU;D1;NAc;;NAd;
2522;NT;pr.D1;NAd;;;
199335;VU;"CR B2ac(ii;iv) (-2)";NAd;;;
2706;LC;;LC;;;
2741;EN;CR(D)-1;VU;A1b;NAd;
2767;LC;;LC;;;
1966;LC;;LC;;NAd;
836222;NAb;;;;NT;pr. A2b
1958;NAb;;LC;;NAd;
836203;VU;D1;LC;;NAd;
1972;NAb;;LC;;NAd;
1984;NT;pr.D1;NAc;;NAd;
1991;NAb;;VU;A1ab;NAc;
1998;EN;CR(D)-1;NT;pr. A2b;;
2818;NAc;;NAc;;;
2832;LC;;;;LC;
2840;LC;;;;NAd;
2891;LC;;NAc;;NAd;
2895;LC;;NAc;;NAd;
2623;LC;;NAc;;NAc;
2657;CR;D;;;;
2645;VU;D1;;;;
2869;CR;D;;;NAb;
2860;VU;D1;;;;
2856;CR;D;;;;
2852;CR;D;;;;
2887;CR;D;;;NAd;
2878;EN;EN(D);NAc;;NAc;
2873;NT;pr.D1;;;NAd;
2938;VU;D1;NAd;;NAd;
2679;NT;pr. D1;;;NAd;
2666;VU;D1;;;NAd;
2669;NT;pr. A2b;Nad;;NAd;
2962;VU;C1;;;;
459629;EN;C1;;;;
199294;NT;pr.D1;;;;
2971;NT;pr.C2b;;;;
2975;VU;EN(A2b)-1;;;;
2989;NAd;;;;;
2996;NT;pr.A2b;;;NAd;
3003;LC;;;;;
3036;NT;pr. A2c C1;NAd;;NAd;
3053;CR;D;;;NAd;
3039;NAb;;;;NAd;
3059;LC;;NAd;;NAd;
3067;VU;D1;;;;
3070;LC;;LC;;NAd;
3089;NT;pr.D1;NT;pr.D1;;
3106;CR;D;NAc;;;
3187;EN;D;NAc;;NAd;
3136;VU;D1;;;NAc;
3142;VU;D1;LC;;NAd;
2586;EN;D1;LC;;NAd;
2616;VU;EN(D)-1;NAc;;DD;
2559;DD;;DD;;NAd;
3112;LC;;;;;
3116;NT;pr.D1;LC;;NAd;
3120;NT;pr.D1;;;NAd;
3129;EN;D;;;;
199374;LC;;NAd;;NAd;
627745;VU;D1;NAc;;NAc;
530157;VU;D1;LC;;NAd;
534662;EN;B2ac;NAd;;;
3332;EN;B2ac;;;NAd;
3343;VU;D1;;;NAd;
3352;EN;C2(a)(i);;;Nad;
3362;VU;D1;Nad;;LC;
"3408;CR;B1ab(iii,v);;;;
3422;VU;D1;NAd;;NAd;
3424;LC;;LC;;NAd;
3439;VU;A2b;;;NAd;
3429;LC;;;;NAd;
3461;VU;D1;;;;
3465;VU;EN(A2b)-1;;;DD;
3482;EN;D1;;;;
3489;LC;;;;;
3493;LC;;;;;
3507;VU;D1;;;;
3511;NT;pr. B2b(iii);;;;
3518;LC;;;;;
3522;LC;;NAd;;NAd;
3533;VU;D1;;;;
3540;LC;;;;NAc;
3561;LC;;;;;
3551;NT;VU(A2b)-1;;;DD;
3555;LC;;;;;
3571;LC;;NAc;;;
3582;LC;;;;NAd;
3586;NT;pr. D1;;;NAd;
3590;LC;;NAd;;;
3595;LC;;;;NAc;
3603;LC;;;;;
3608;LC;;;;;
3611;LC;;NAd;;;
3630;LC;;;;;
3644;EN;B2ab (ii,iv);;;;
3649;EN;C1;;;;
3656;VU;A2b;;;;
3670;NT;VU(A2b)-1;NAc;;;
3676;LC;;DD;;NAd;
3696;NT;VU(A2b)-1;;;DD;
3701;VU;EN(D1)-1;;;NAd;
3692;LC;;;;NAd;
459478;LC;;;;DD;
3688;NT;pr. B2a pr.D2;;;DD;
3803;LC;;;;NAc;
4510;LC;;;;;
4503;VU;EN(A2b)-1;NAd;;;
4505;NAb;;NAd;;;
4501;NT;VU(D1)-1;NAd;;;
4494;LC;;NAd;;;
4474;LC;;;;;
4480;LC;;;;NAb;
4466;LC;;NAd;;;
4488;NT;pr.D1;;;;
4485;LC;;;;;
3764;LC;;NAb;;NAd;
534742;LC;;;;NAb;
534751;LC;;NAd;;NAd;
534750;LC;;;;;
534753;LC;;;;;
534752;VU;A2b;;;;
4342;LC;;;;NAb;
4338;VU;B2ab(iii);;;;
3774;LC;;;;;
3784;LC;;;;NAb;
3791;LC;;;;;
3780;DD;;;;;
3958;LC;;;;;
3967;LC;;NAd;;;
4001;LC;;NAd;;NAd;
4013;NT;pr.A2b;;;NAc;
4035;LC;;NAd;;NAd;
4040;LC;;;;NAd;
4049;VU;A2ab;;;DD;
199425;NT;pr. A2b;NAd;;NAd;
4064;NT;VU(A2b)-1;;;DD;
4074;CR;C2(a)(i);;;NAd;
4084;LC;;;;NAd;
4087;NT;pr.D1;;;;
4112;LC;;;;DD;
4117;LC;;NAd;;NAd;
4127;LC;;LC;;;
4129;LC;;NAd;;NAd;
4142;LC;;NAd;;NAd;
4151;NT;pr.A2b;;;;
4172;EN;D1;;;NAc;
4180;EN;C2(aii);;;;
4198;VU;C1;;;NAc;
4195;LC;;;;NAc;
4192;VU;D1;;;NAd;
4215;LC;;;;NAd;
4257;LC;;NAc;;NAc;
4242;LC;;;;;
4254;VU;EN(A2b)-1;;;DD;
4252;LC;;;;DD;
4247;LC;;;;NAd;
4232;LC;;;;;
4229;LC;;;;;
4227;EN;A2b;;;;
4221;VU;A2b;;;;
4155;LC;;;;;
4272;DD;;;;NAd;
4269;LC;;;;NAd;
4280;NT;VU(A2b)-1;NAd;;NAc;
4308;NT;pr.A2b;NAd;;NAd;
459638;LC;;NAd;;NAd;
4319;VU;D1;;;DD;
3978;LC;pr. A1(-2);NAc;;;
3984;LC;;;;;
3713;LC;;;;NAd;
3723;LC;;;;DD;
3733;LC;;NAd;;NAd;
3941;LC;;NAd;;;
3755;LC;;NAd;;;
3741;LC;;;;DD;
199409;EN;C2a(i);;;;
3811;CR;D1;;;NAd;
4460;CR;C2a(i);;;NAd;
3807;VU;VU(A2b);;;NAd;
4516;LC;;LC;;NAc;
4518;NAc;;;;;
4525;LC;;;;NAb;
199494;LC;;;;;
4532;EN;A2b;;;;
4537;NT;pr.D1;;;;
4540;NT;pr. B2b(v);;;;
4625;DD;;NAd;;;
4582;VU;A2b;NAd;;NAd;
4583;LC;;NAd;;NAd;
889056;DD;;DD;;NAd;
889047;VU;A2b;NAd;;NAc;
886230;VU;A2b C1;NAd;;NAd;
4576;LC;;;;;
4571;NT;pr.A2b;;;NAd;
4619;VU;A2b;NAd;;;
4603;LC;;;;NAd;
4564;LC;;NAd;;NAd;
4686;NT;VU(A2b)-1;;;;
4657;VU;EN(A2b)-1;NAd;;NAd;
4680;NAb;;;;NAb;
4659;LC;;;;NAd;
4665;VU;A2b;;;EN;A2b
4663;LC;;;;;
4669;EN;D1;;;NAc;
2411;;;NAc;;NAd;
956;;;DD;;NAd;
959;;;NAc;;;
971;;;NAc;;;
968;;;NAc;;;
2514;;;NAc;;DD;
2714;;;EN;D;;
2734;;;NAc;;;
1973;;;LC;;NAd;
1952;;;LC;;NAd;
1995;;;NAd;;NAd;
2001;;;NAc;;;
2808;;;NAc;;;
2790;;;NAc;;NAd;
2005;;;NAc;;;
2794;;;NAc;;NAc;
2801;;;EN;CR(D)-1;;
199312;;;NAc;;;
2816;;;LC;;;
2844;;;EN;A2b;NAd;
2651;;;NAc;;;
2881;;;NAd;;NAd;
2660;;;NAb;;NAd;
2676;;;DD;;NAd;
3076;;;LC;;NAd;
3165;;;LC;;NAd;
3161;;;LC;;;
3140;;;NAc;;NAd;
2571;;;NAd;;NAd;
2576;;;LC;;NAd;
2563;;;NAc;;VU;B2ab(v)
2568;;;NAc;;NAd;
2584;;;NAd;;NAd;
2594;;;NAc;;NAd;
2603;;;NAc;;NAd;
3239;;;NAb;;NAd;
2543;;;DD;;NAd;
2538;;;NAd;;NAd;
3195;;;NAb;;NAd;
3192;;;NAc;;NAd;
3206;;;LC;;NAd;
2911;;;LC;;NAc;
814245;;;NAb;;NAd;
3263;;;NAd;;;
3258;;;NAd;;;
3293;;;NAc;;;
3302;;;NAb;;;
3297;;;NAc;;NAd;
534748;;;NAd;;NAd;
3388;;;NAc;;;
3525;;;NAc;;NAc;
4137;;;LC;;NAd;
3726;;;DD;;NAd;
3709;;;;;NAd;
3814;;;NAd;;;
4568;;;DD;;NAd;
982;;;;;NAb;
998;;;;;NAb;
683212;;;;;NAb;
199318;;;;;NAb;
1005;;;;;NAb;
790986;;;;;NAb;
1039;;;;;NAb;
2460;;;;;NAb;
440197;;;;;NAb;
2510;;;;;NAb;
199328;;;;;NAb;
2715;;;;;NAb;
2739;;;;;NAb;
2720;;;;;NAb;
2725;;;;;NAb;
2757;;;;;NAb;
2750;;;;;NAb;
2753;;;;;NAb;
836223;;;;;NAb;
1961;;;;;NAb;
1980;;;;;NAb;
1955;;;;;NAb;
199305;;;;;NAb;
2779;;;;;NAb;
2826;;;;;NAb;
2836;;;;;NAb;
2627;;;;;NAb;
2630;;;;;NAb;
2643;;;;;NAb;
2634;;;;;NAb;
836346;;;;;NAb;
836345;;;;;NAb;
2848;;;;;NAb;
2648;;;;;NAb;
2864;;;;;NAb;
199338;;;;;NAb;
2884;;;;;NAb;
2683;;;;;NAb;
2672;;;;;NAb;
2681;;;;;NAb;
199343;;;;;NAb;
2674;;;;;NAd;
836245;;;;;NAd;
836246;;;;;NAd;
3065;;;;;NAb;
3072;;;;;NAb;
3181;;;;;NAb;
3148;;;;;NAb;
3146;;;;;NAb;
3153;;;;;NT;pr. A2b
3150;;;;;NAb;
3158;;;;;NAb;
3170;;;;;NAb;
2574;;;;;NAb;
2591;;;;;NAb;
2607;;;;;NAd;
2600;;;;;NAb;
2597;;;;;NAb;
2610;;;;;NAb;
2549;;;;;NAb;
3210;;;;;NAc;
3218;;;;;NAb;
444423;;;;;NAb;
199353;;;;;NAb;
3222;;;;;NAb;
3231;;;;;NAb;
3226;;;;;NAb;
199360;;;;;NAb;
3214;;;;;NAb;
3199;;;;;NAb;
2554;;;;;NAb;
2906;;;;;NAb;
2901;;;;;LC;
828816;;;;;NAb;
2929;;;;;NAb;
3250;;;;;NAb;
3249;;;;;NAb;
3125;;;;;NAb;
3255;;;;;NAb;
3261;;;;;NAb;
627743;;;;;NAb;
3289;;;;;NAb;
3311;;;;;NAb;
3309;;;;;NAb;
3307;;;;;NAb;
3278;;;;;NAb;
3318;;;;;NAb;
627334;;;;;NAb;
364251;;;;;NAb;
627332;;;;;NAb;
534682;;;;;NAb;
459627;;;;;NAd;
3374;;;;;NAd;
3371;;;;;NAd;
3336;;;;;NT;pr. D1
3345;;;;;NAb;
3364;;;;;NAb;
3359;;;;;NAb;
3356;;;;;NAb;
528761;;;;;NAb;
3396;;;;;NAb;
3379;;;;;NAb;
3402;;;;;NAb;
3415;;;;;NAb;
3442;;;;;NAb;
3435;;;;;NAb;
3503;;;;;NAb;
3578;;;;;NAb;
3601;;;;;NAb;
3638;;;;;NAb;
3646;;;;;NAb;
3681;;;;;NAb;
3666;;;;;NAb;
534702;;;;;NAb;
442197;;;;;NAb;
3798;;;;;DD;
4010;;;;;NAb;
4023;;;;;NAc;
4030;;;;;NAb;
836856;;;;;NAb;
4062;;;;;NAb;
199428;;;;;NAb;
199434;;;;;NAb;
4119;;;;;NAb;
4134;;;;;NAb;
199440;;;;;NAb;
4123;;;;;NAb;
4121;;;;;NAb;
4167;;;;;NAc;
4170;;;;;NAb;
4190;;;;;NAb;
199459;;;;;NAb;
4187;;;;;DD;
4184;;;;;NAb;
4212;;;;;NAd;
199463;;;;;NAb;
199465;;;;;NAb;
199462;;;;;NAb;
199464;;;;;NAb;
4245;;;;;NAb;
891598;;;;;NAb;
824026;;;;;NAb;
4219;;;;;NAb;
3996;;;;;NAb;
4289;;;;;DD;
199474;;;;;NAb;
199477;;;;;NAb;
4264;;;;;NAb;
4275;;;;;NAb;
4297;;;;;NAb;
199473;;;;;NAb;
4304;;;;;NAb;
4267;;;;;NAb;
4300;;;;;NAb;
4330;;;;;DD;
4327;;;;;NAb;
4334;;;;;NAb;
4324;;;;;NAb;
199489;;;;;NAb;
3736;;;;;NAb;
3729;;;;;NAb;
3716;;;;;NAb;
3948;;;;;NAb;
3953;;;;;NAb;
3813;;;;;NAb;
459630;;;;;NAb;
4522;;;;;NAb;
4530;;;;;NAb;
4616;;;;;NAd;
2405;;;;;NAb;
199522;;;;;NAb;
4654;;;;;NAb;
4674;;;;;NAb;
4676;;;;;NAb;
4667;;;;;NAb;
4644;;;;;NAb;
4649;;;;;NAb;
199521;;;;;NAb;
626165;;;;;NAb;
