CD_REF;LB_NOM;Humide
79865;Achillea ageratum;Oui
79921;Achillea ptarmica;Oui
618651;Aconitum napellus subsp. burnatii;Oui
80037;Aconitum napellus;Oui
80086;Acorus calamus;Oui
130835;Adenostyles alpina subsp. briquetii;Oui
80190;Adenostyles leucophylla;Oui
84522;Asplenium sagittatum;Oui
80329;Aeluropus littoralis;Oui
80590;Agrostis canina;Oui
80639;Agrostis gigantea;Oui
717797;Neoschischkinia pourretii;Oui
80759;Agrostis stolonifera;Oui
81059;Alchemilla coriacea;Oui
81083;Alchemilla frigens;Oui
81075;Alchemilla fissa;Oui
81140;Alchemilla pentaphyllea;Oui
81260;Alisma gramineum;Oui
81263;Alisma lanceolatum;Oui
81272;Alisma plantago-aquatica;Oui
81316;Allium angulosum;Oui
81445;Allium neapolitanum;Oui
81523;Allium suaveolens;Oui
81538;Allium triquetrum;Oui
81563;Alnus alnobetula;Oui
81567;Alnus cordata;Oui
81569;Alnus glutinosa;Oui
81570;Alnus incana;Oui
81610;Alopecurus aequalis;Oui
81624;Alopecurus bulbosus;Oui
81637;Alopecurus geniculatus;Oui
81831;Alternanthera philoxeroides;Oui
81856;Althaea officinalis;Oui
82282;Anacamptis coriophora;Oui
82283;Anacamptis laxiflora;Oui
82286;Anacamptis palustris;Oui
610908;Lysimachia tyrrhenia;Oui
610910;Lysimachia minima;Oui
107085;Lysimachia tenella;Oui
82420;Andromeda polifolia;Oui
82705;Angelica archangelica;Oui
82715;Angelica heterocarpa;Oui
82738;Angelica sylvestris;Oui
83001;Antinoria agrostidea;Oui
83002;Antinoria insularis;Oui
83195;Apium graveolens;Oui
717729;Arabidopsis cebennensis;Oui
83409;Arabis soyeri;Oui
83777;Aristolochia clematitis;Oui
83952;Artemisia caerulescens;Oui
84003;Artemisia maritima;Oui
84005;Artemisia molinieri;Oui
966891;Arthrocaulon macrostachyum;Oui
84173;Arundo donax;Oui
84205;Arundo plinii;Oui
447951;Adiantum capillus-veneris;Oui
84501;Asplenium marinum;Oui
125333;Symphyotrichum squamatum;Oui
127625;Tripolium pannonicum;Oui
85083;Atriplex littoralis;Oui
85486;Baldellia ranunculoides;Oui
85602;Bartsia alpina;Oui
945634;Bellevalia romana;Oui
85728;Bellis annua;Oui
85730;Bellis bernardi;Oui
85750;Bellium nivale;Oui
85798;Berula erecta;Oui
85904;Betula pubescens;Oui
85897;Betula nana;Oui
85946;Bidens cernua;Oui
85949;Bidens connata;Oui
85957;Bidens frondosa;Oui
85978;Bidens radiata;Oui
85986;Bidens tripartita;Oui
86084;Blackstonia acuminata;Oui
86085;Blackstonia imperfoliata;Oui
86124;Blysmus compressus;Oui
86131;Bolboschoenus maritimus;Oui
86199;Botrychium simplex;Oui
86732;Bromus racemosus;Oui
87136;Butomus umbellatus;Oui
87218;Calamagrostis canescens;Oui
87269;Calamagrostis phragmitoides;Oui
159574;Calamagrostis neglecta;Oui
87417;Caldesia parnassifolia;Oui
87450;Calla palustris;Oui
87540;Caltha palustris;Oui
92353;Convolvulus sepium;Oui
87892;Cardamine amara;Oui
87897;Cardamine asarifolia;Oui
87915;Cardamine flexuosa;Oui
87920;Cardamine graeca;Oui
87957;Cardamine parviflora;Oui
87964;Cardamine pratensis;Oui
87969;Cardamine raphanifolia;Oui
88178;Carduus personata;Oui
88314;Carex acuta;Oui
88318;Carex acutiformis;Oui
88344;Carex appropinquata;Oui
88360;Carex atrofusca;Oui
88380;Carex bicolor;Oui
88385;Carex binervis;Oui
88387;Carex bohemica;Oui
88395;Carex brizoides;Oui
88404;Carex buxbaumii;Oui
88412;Carex capillaris;Oui
88420;Carex cespitosa;Oui
88426;Carex chordorrhiza;Oui
88741;Carex otrubae;Oui
88407;Carex canescens;Oui
88459;Carex davalliana;Oui
88468;Carex diandra;Oui
88472;Carex dioica;Oui
88477;Carex distans;Oui
88478;Carex disticha;Oui
88482;Carex divisa;Oui
88489;Carex echinata;Oui
88491;Carex elata;Oui
88493;Carex elongata;Oui
88502;Carex extensa;Oui
88511;Carex flava;Oui
88515;Carex foetida;Oui
88519;Carex frigida;Oui
88561;Carex hartmanii;Oui
88562;Carex heleonastes;Oui
88571;Carex hispida;Oui
88578;Carex hostiana;Oui
88606;Carex lachenalii;Oui
88608;Carex laevigata;Oui
88614;Carex lasiocarpa;Oui
88632;Carex limosa;Oui
154761;Carex magellanica subsp. irrigua;Oui
88656;Carex mairei;Oui
88662;Carex maritima;Oui
88669;Carex melanostachya;Oui
88673;Carex microcarpa;Oui
88675;Carex microglochin;Oui
88720;Carex nigra;Oui
88752;Carex panicea;Oui
88753;Carex paniculata;Oui
88756;Carex parviflora;Oui
88762;Carex pauciflora;Oui
88766;Carex pendula;Oui
88794;Carex pseudocyperus;Oui
88802;Carex pulicaris;Oui
88804;Carex punctata;Oui
88806;Carex pyrenaica;Oui
88819;Carex remota;Oui
88833;Carex riparia;Oui
88840;Carex rostrata;Oui
88893;Carex strigosa;Oui
88921;Carex trinervis;Oui
613480;Carex umbrosa var. huetiana;Oui
88942;Carex vesicaria;Oui
88624;Carex lepidocarpa;Oui
771637;Carex demissa;Oui
88949;Carex viridula;Oui
88952;Carex vulpina;Oui
88956;Carex vulpinoidea;Oui
608144;Caropsis verticillato-inundata;Oui
127864;Trocdaris verticillatum;Oui
89316;Catabrosa aquatica;Oui
89584;Centaurea dracunculifolia;Oui
89837;Centaurium chloodes;Oui
89841;Centaurium favargeri;Oui
89845;Centaurium littorale;Oui
619065;Schenkia spicata;Oui
89858;Centaurium tenuiflorum;Oui
94915;Dichodon cerastoides;Oui
94917;Dichodon viscidum;Oui
90330;Chaerophyllum bulbosum;Oui
90338;Chaerophyllum hirsutum;Oui
717358;Oxybasis chenopodioides;Oui
717361;Oxybasis rubra;Oui
91118;Chrysosplenium alternifolium;Oui
91120;Chrysosplenium oppositifolium;Oui
91132;Cicendia filiformis;Oui
91199;Cicuta virosa;Oui
91256;Circaea alpina;Oui
91267;Circaea x intermedia;Oui
133309;Cirsium carniolicum subsp. rufescens;Oui
133311;Cirsium creticum subsp. triumfetti;Oui
91322;Cirsium dissectum;Oui
91332;Cirsium filipendulum;Oui
91346;Cirsium heterophyllum;Oui
91369;Cirsium monspessulanum;Oui
91282;Cirsium alsophilum;Oui
91378;Cirsium oleraceum;Oui
91382;Cirsium palustre;Oui
91398;Cirsium rivulare;Oui
91823;Cladium mariscus;Oui
92026;Cochlearia aestuaria;Oui
92029;Cochlearia anglica;Oui
717275;Ionopsidium glastifolium;Oui
92052;Cochlearia officinalis;Oui
92054;Cochlearia pyrenaica;Oui
159903;Colchicum arenasii;Oui
92171;Coleanthus subtilis;Oui
92566;Corrigiola litoralis;Oui
92723;Cotula coronopifolia;Oui
92793;Crassula helmsii;Oui
92807;Crassula vaillantii;Oui
93075;Crepis lampsanoides;Oui
93101;Crepis paludosa;Oui
93116;Crepis pyrenaica;Oui
93171;Cressa cretica;Oui
1015899;Sporobolus aculeatus;Oui
1015901;Sporobolus alopecuroides;Oui
1015904;Sporobolus schoenoides;Oui
93644;Cuscuta scandens;Oui
93774;Cymodocea nodosa;Oui
93918;Cyperus difformis;Oui
93923;Cyperus eragrostis;Oui
93924;Cyperus esculentus;Oui
93936;Cyperus fuscus;Oui
93938;Cyperus glomeratus;Oui
93954;Cyperus involucratus;Oui
93967;Cyperus longus;Oui
888128;Cyperus michelianus;Oui
133619;Cystopteris fragilis subsp. diaphana;Oui
94267;Dactylorhiza majalis;Oui
94267;Dactylorhiza majalis;Oui
94247;Dactylorhiza brennensis;Oui
133674;Dactylorhiza incarnata subsp. cruenta;Oui
94252;Dactylorhiza elata;Oui
94267;Dactylorhiza majalis;Oui
94259;Dactylorhiza incarnata;Oui
94266;Dactylorhiza maculata;Oui
94252;Dactylorhiza elata;Oui
94273;Dactylorhiza praetermissa;Oui
94278;Dactylorhiza saccifera;Oui
94287;Dactylorhiza traunsteineri;Oui
94388;Damasonium alisma;Oui
94578;Delphinium dubium;Oui
94579;Delphinium elatum;Oui
94626;Deschampsia cespitosa;Oui
94633;Deschampsia media;Oui
83756;Aristavena setacea;Oui
95154;Dipsacus pilosus;Oui
95209;Doronicum austriacum;Oui
106708;Lotus rectus;Oui
95438;Drosera intermedia;Oui
95436;Drosera anglica;Oui
95442;Drosera rotundifolia;Oui
95546;Dryopteris aemula;Oui
95558;Dryopteris carthusiana;Oui
95561;Dryopteris cristata;Oui
95563;Dryopteris dilatata;Oui
95848;Elatine brochonii;Oui
95858;Elatine hexandra;Oui
95860;Elatine hydropiper;Oui
95864;Elatine macropoda;Oui
95877;Elatine triandra;Oui
95889;Eleocharis acicularis;Oui
95891;Eleocharis atropurpurea;Oui
134053;Eleocharis mamillata subsp. austriaca;Oui
95895;Eleocharis bonariensis;Oui
95914;Eleocharis mamillata;Oui
95916;Eleocharis multicaulis;Oui
95919;Eleocharis ovata;Oui
95922;Eleocharis palustris;Oui
95923;Eleocharis parvula;Oui
95927;Eleocharis quinqueflora;Oui
95933;Eleocharis uniglumis;Oui
103862;Isolepis fluitans;Oui
96025;Elytrigia acuta;Oui
96032;Elytrigia elongata;Oui
96079;Endressia pyrenaica;Oui
96130;Epilobium alsinifolium;Oui
96134;Epilobium anagallidifolium;Oui
96180;Epilobium hirsutum;Oui
96218;Epilobium nutans;Oui
96220;Epilobium obscurum;Oui
96226;Epilobium palustre;Oui
96229;Epilobium parviflorum;Oui
134131;Epilobium tetragonum subsp. tetragonum;Oui
96465;Epipactis palustris;Oui
96519;Equisetum fluviatile;Oui
96523;Equisetum hyemale;Oui
96534;Equisetum palustre;Oui
96545;Equisetum sylvaticum;Oui
96546;Equisetum telmateia;Oui
762284;Equisetum variegatum;Oui
717686;Tripidium ravennae;Oui
96694;Erica terminalis;Oui
96695;Erica tetralix;Oui
96851;Eriophorum gracile;Oui
96852;Eriophorum latifolium;Oui
96844;Eriophorum angustifolium;Oui
96859;Eriophorum scheuchzeri;Oui
96861;Eriophorum vaginatum;Oui
97147;Eryngium pusillum;Oui
97152;Eryngium viviparum;Oui
97434;Eupatorium cannabinum;Oui
97601;Euphorbia palustris;Oui
97904;Exaculum pusillum;Oui
121471;Schedonorus giganteus;Oui
98506;Festuca rivularis;Oui
134622;Festuca rubra subsp. litoralis;Oui
98586;Festuca trichophylla;Oui
98717;Filipendula ulmaria;Oui
456840;Fimbristylis dichotoma;Oui
98723;Fimbristylis bisumbellata;Oui
98887;Frangula alnus;Oui
98903;Frankenia pulverulenta;Oui
98910;Fraxinus angustifolia;Oui
98977;Fritillaria meleagris;Oui
99011;Fuirena pubescens;Oui
99410;Galium debile;Oui
99494;Galium palustre;Oui
99570;Galium uliginosum;Oui
99862;Gentiana asclepiadea;Oui
99922;Gentiana pneumonanthe;Oui
99931;Gentiana pyrenaica;Oui
99936;Gentiana rostanii;Oui
99991;Gentianella uliginosa;Oui
100114;Geranium palustre;Oui
100215;Geum rivale;Oui
100278;Gladiolus palustris;Oui
610907;Lysimachia maritima;Oui
100382;Glyceria declinata;Oui
100387;Glyceria fluitans;Oui
100394;Glyceria maxima;Oui
100398;Glyceria notata;Oui
159690;Glyceria striata;Oui
100519;Gnaphalium uliginosum;Oui
100576;Gratiola officinalis;Oui
100718;Halimione pedunculata;Oui
100719;Halimione portulacoides;Oui
100739;Hammarbya paludosa;Oui
101155;Heliotropium supinum;Oui
101217;Helosciadium crassipes;Oui
101220;Helosciadium inundatum;Oui
101221;Helosciadium nodiflorum;Oui
101223;Helosciadium repens;Oui
101538;Hibiscus palustris;Oui
102794;Hierochloe odorata;Oui
136646;Hippophae rhamnoides subsp. fluviatilis;Oui
102968;Hordeum marinum;Oui
103031;Humulus lupulus;Oui
103030;Humulus japonicus;Oui
103139;Hydrocotyle ranunculoides;Oui
103142;Hydrocotyle vulgaris;Oui
103020;Hornungia procumbens;Oui
103173;Hymenophyllum tunbrigense;Oui
103175;Hymenophyllum wilsonii;Oui
103245;Hypericum androsaemum;Oui
103267;Hypericum x desetangsii;Oui
103272;Hypericum elodes;Oui
103288;Hypericum humifusum;Oui
136751;Hypericum maculatum subsp. obtusiusculum;Oui
103329;Hypericum tetrapterum;Oui
103330;Hypericum tomentosum;Oui
103536;Illecebrum verticillatum;Oui
103545;Impatiens capensis;Oui
103547;Impatiens glandulifera;Oui
103553;Impatiens noli-tangere;Oui
103562;Imperata cylindrica;Oui
103598;Inula britannica;Oui
106000;Limbarda crithmoides;Oui
103628;Inula helvetica;Oui
103772;Iris pseudacorus;Oui
103777;Iris sibirica;Oui
103800;Iris xiphium;Oui
103832;Isoetes boryana;Oui
103840;Isoetes durieui;Oui
103841;Isoetes echinospora;Oui
103842;Isoetes histrix;Oui
103843;Isoetes lacustris;Oui
103838;Isoetes delilei;Oui
161103;Isoetes longissima;Oui
103857;Isolepis cernua;Oui
103887;Isolepis pseudosetacea;Oui
103898;Isolepis setacea;Oui
93961;Cyperus laevigatus;Oui
94014;Cyperus serotinus;Oui
104101;Juncus acutiflorus;Oui
104104;Juncus acutus;Oui
104111;Juncus alpinoarticulatus;Oui
104212;Juncus hybridus;Oui
104115;Juncus anceps;Oui
104123;Juncus arcticus;Oui
104126;Juncus articulatus;Oui
104144;Juncus bufonius;Oui
104145;Juncus bulbosus;Oui
104148;Juncus capitatus;Oui
104155;Juncus compressus;Oui
104160;Juncus conglomeratus;Oui
104173;Juncus effusus;Oui
104183;Juncus filiformis;Oui
104189;Juncus foliosus;Oui
104192;Juncus fontanesii;Oui
104196;Juncus gerardi;Oui
104208;Juncus heterophyllus;Oui
104212;Juncus hybridus;Oui
104214;Juncus inflexus;Oui
104235;Juncus littoralis;Oui
104246;Juncus maritimus;Oui
104144;Juncus bufonius;Oui
104302;Juncus pygmaeus;Oui
136919;Juncus balticus subsp. pyrenaeus;Oui
104329;Juncus sphaerocarpus;Oui
104334;Juncus squarrosus;Oui
104337;Juncus striatus;Oui
104340;Juncus subnodulosus;Oui
104341;Juncus subulatus;Oui
104349;Juncus tenageia;Oui
104363;Juncus triglumis;Oui
104500;Kickxia cirrhosa;Oui
104501;Kickxia commutata;Oui
104503;Kickxia lanigera;Oui
88871;Carex simpliciuscula;Oui
101539;Hibiscus pentacarpos;Oui
105086;Laserpitium prutenicum;Oui
105145;Lathraea clandestina;Oui
105148;Lathraea squamaria;Oui
105239;Lathyrus palustris;Oui
105400;Leersia oryzoides;Oui
611355;Scorzoneroides duboisii;Oui
105827;Leucojum aestivum;Oui
105908;Ligularia sibirica;Oui
106037;Limoniastrum monopetalum;Oui
106044;Limonium auriculae-ursifolium;Oui
106059;Limonium densissimum;Oui
106077;Limonium girardianum;Oui
106088;Limonium narbonense;Oui
106128;Limosella aquatica;Oui
106252;Lindernia dubia;Oui
106258;Lindernia procumbens;Oui
106313;Linum maritimum;Oui
106353;Liparis loeselii;Oui
106419;Littorella uniflora;Oui
106428;Lobelia dortmanna;Oui
106435;Lobelia urens;Oui
106651;Lotus conimbricensis;Oui
106698;Lotus pedunculatus;Oui
106742;Ludwigia grandiflora;Oui
106747;Ludwigia palustris;Oui
106748;Ludwigia peploides;Oui
106823;Luzula congesta;Oui
106993;Lycopodiella inundata;Oui
107038;Lycopus europaeus;Oui
107039;Lycopus exaltatus;Oui
107072;Lysimachia nemorum;Oui
107073;Lysimachia nummularia;Oui
107086;Lysimachia thyrsiflora;Oui
107090;Lysimachia vulgaris;Oui
107097;Lythrum borysthenicum;Oui
107106;Lythrum hyssopifolia;Oui
107108;Lythrum junceum;Oui
107115;Lythrum portula;Oui
107117;Lythrum salicaria;Oui
107122;Lythrum thesioides;Oui
107123;Lythrum thymifolia;Oui
107125;Lythrum tribracteatum;Oui
107126;Lythrum virgatum;Oui
107407;Marsilea quadrifolia;Oui
107409;Marsilea strigosa;Oui
107486;Matteuccia struthiopteris;Oui
108027;Mentha aquatica;Oui
108029;Mentha arvensis;Oui
108044;Mentha cervina;Oui
108103;Mentha longifolia;Oui
108138;Mentha pulegium;Oui
108145;Mentha requienii;Oui
108166;Mentha spicata;Oui
108168;Mentha suaveolens;Oui
108345;Menyanthes trifoliata;Oui
717180;Erythranthe guttata;Oui
717182;Erythranthe moschata;Oui
108714;Molineriella minuta;Oui
108718;Molinia caerulea;Oui
108785;Montia fontana;Oui
108807;Morisia monanthos;Oui
717321;Myosotis martini;Oui
109042;Myosotis laxa;Oui
109068;Myosotis nemorosa;Oui
109091;Myosotis scorpioides;Oui
109092;Myosotis secunda;Oui
109095;Myosotis sicula;Oui
109096;Myosotis soleirolii;Oui
124970;Stellaria aquatica;Oui
109126;Myosurus minimus;Oui
109130;Myrica gale;Oui
109135;Myricaria germanica;Oui
109309;Narcissus tazetta;Oui
109372;Narthecium ossifragum;Oui
109375;Narthecium reverchonii;Oui
109419;Nasturtium microphyllum;Oui
109422;Nasturtium officinale;Oui
109455;Naufraga balearica;Oui
109584;Nerium oleander;Oui
109861;Oenanthe aquatica;Oui
109864;Oenanthe crocata;Oui
109869;Oenanthe fistulosa;Oui
109871;Oenanthe foucaudii;Oui
109874;Oenanthe globulosa;Oui
109881;Oenanthe lachenalii;Oui
109890;Oenanthe peucedanifolia;Oui
109898;Oenanthe silaifolia;Oui
110063;Omalotheca supina;Oui
110306;Ophioglossum azoricum;Oui
110307;Ophioglossum lusitanicum;Oui
110313;Ophioglossum vulgatum;Oui
111239;Oreopteris limbosperma;Oui
111815;Osmunda regalis;Oui
85704;Bellardia viscosa;Oui
112426;Parnassia palustris;Oui
112483;Paspalum distichum;Oui
112577;Pedicularis foliosa;Oui
112586;Pedicularis mixta;Oui
112590;Pedicularis palustris;Oui
112601;Pedicularis sylvatica;Oui
112604;Pedicularis verticillata;Oui
112712;Periploca graeca;Oui
112778;Petasites albus;Oui
112783;Petasites hybridus;Oui
112788;Petasites paradoxus;Oui
112790;Petasites pyrenaicus;Oui
112853;Peucedanum gallicum;Oui
112975;Phalaris arundinacea;Oui
113175;Phleum alpinum;Oui
113260;Phragmites australis;Oui
718746;Phyla nodiflora var. minor;Oui
113547;Pilularia globulifera;Oui
113548;Pilularia minuta;Oui
113609;Pinguicula alpina;Oui
113612;Pinguicula arvetii;Oui
113616;Pinguicula corsica;Oui
113620;Pinguicula grandiflora;Oui
113624;Pinguicula leptoceras;Oui
113625;Pinguicula longifolia;Oui
113626;Pinguicula lusitanica;Oui
113639;Pinguicula vulgaris;Oui
113791;Plagius flosculosus;Oui
113838;Plantago cornutii;Oui
113843;Plantago crassifolia;Oui
138899;Plantago major subsp. intermedia;Oui
113905;Plantago maritima;Oui
114262;Poa laxa;Oui
114312;Poa palustris;Oui
114398;Poa supina;Oui
114554;Polygala exilis;Oui
883891;Koenigia alpina;Oui
112727;Persicaria amphibia;Oui
114660;Polygonum bellardii;Oui
86081;Bistorta officinalis;Oui
112739;Persicaria hydropiper;Oui
112741;Persicaria lapathifolia;Oui
112746;Persicaria minor;Oui
112736;Persicaria dubia;Oui
114856;Polygonum romanum;Oui
112735;Persicaria decipiens;Oui
115025;Polypogon maritimus;Oui
115027;Polypogon monspeliensis;Oui
115031;Polypogon viridis;Oui
115096;Pontederia cordata;Oui
115110;Populus alba;Oui
115145;Populus nigra;Oui
139232;Potentilla anglica subsp. nesogenes;Oui
83714;Argentina anserina;Oui
94464;Dasiphora fruticosa;Oui
92217;Comarum palustre;Oui
115669;Potentilla supina;Oui
115868;Primula farinosa;Oui
115883;Primula integrifolia;Oui
115996;Prunella hyssopifolia;Oui
116109;Prunus padus;Oui
610681;Laphangium luteoalbum;Oui
116272;Pteris cretica;Oui
612552;Puccinellia festuciformis subsp. festuciformis;Oui
761901;Puccinellia distans;Oui
116349;Puccinellia fasciculata;Oui
116350;Puccinellia festuciformis;Oui
612552;Puccinellia festuciformis subsp. festuciformis;Oui
116354;Puccinellia maritima;Oui
116392;Pulicaria dysenterica;Oui
116401;Pulicaria sicula;Oui
116405;Pulicaria vulgaris;Oui
93929;Cyperus flavescens;Oui
106330;Linum radiola;Oui
116902;Ranunculus aconitifolius;Oui
116917;Ranunculus alpestris;Oui
116922;Ranunculus angustifolius;Oui
139770;Ranunculus peltatus subsp. baudotii;Oui
116970;Ranunculus cassubicus;Oui
117025;Ranunculus flammula;Oui
117090;Ranunculus lateriflorus;Oui
117096;Ranunculus lingua;Oui
117111;Ranunculus marschlinsii;Oui
117128;Ranunculus muricatus;Oui
117139;Ranunculus nodiflorus;Oui
117144;Ranunculus ololeucos;Oui
117145;Ranunculus omiophyllus;Oui
117146;Ranunculus ophioglossifolius;Oui
117201;Ranunculus repens;Oui
150460;Ranunculus flammula var. reptans;Oui
117205;Ranunculus revelierei;Oui
117211;Ranunculus rionii;Oui
117221;Ranunculus sardous;Oui
117224;Ranunculus sceleratus;Oui
117268;Ranunculus velutinus;Oui
117731;Rhynchospora alba;Oui
117732;Rhynchospora fusca;Oui
117766;Ribes nigrum;Oui
117774;Ribes rubrum;Oui
117920;Romulea revelierei;Oui
117933;Rorippa amphibia;Oui
117937;Rorippa austriaca;Oui
117940;Rorippa islandica;Oui
117944;Rorippa palustris;Oui
117951;Rorippa sylvestris;Oui
118993;Rubus caesius;Oui
119447;Rumex aquaticus;Oui
119471;Rumex conglomeratus;Oui
1028176;Rumex crispus subsp. crispus;Oui
119509;Rumex hydrolapathum;Oui
119533;Rumex maritimus;Oui
119556;Rumex palustris;Oui
119582;Rumex rupestris;Oui
119585;Rumex sanguineus;Oui
119688;Ruppia cirrhosa;Oui
119691;Ruppia maritima;Oui
119812;Sagina nodosa;Oui
119824;Sagina revelierei;Oui
119824;Sagina revelierei;Oui
119854;Sagittaria latifolia;Oui
119860;Sagittaria sagittifolia;Oui
788985;Salicornia europaea subsp. europaea;Oui
788983;Salicornia europaea subsp. disarticulata;Oui
788981;Salicornia procumbens subsp. procumbens;Oui
119881;Salicornia europaea;Oui
788985;Salicornia europaea subsp. europaea;Oui
788982;Salicornia perennans subsp. perennans;Oui
119894;Salicornia procumbens;Oui
788985;Salicornia europaea subsp. europaea;Oui
119948;Salix atrocinerea;Oui
119915;Salix alba;Oui
119931;Salix apennina;Oui
151107;Salix repens var. dunensis;Oui
119952;Salix aurita;Oui
119959;Salix bicolor;Oui
119970;Salix caesia;Oui
119985;Salix ceretana;Oui
119991;Salix cinerea;Oui
120009;Salix daphnoides;Oui
120037;Salix foetida;Oui
120040;Salix fragilis;Oui
120052;Salix hastata;Oui
120057;Salix herbacea;Oui
120085;Salix laggeri;Oui
120091;Salix lapponum;Oui
120135;Salix myrsinifolia;Oui
120163;Salix pentandra;Oui
120189;Salix purpurea;Oui
140478;Salix repens subsp. repens;Oui
120246;Salix triandra;Oui
120260;Salix viminalis;Oui
124008;Soda inermis;Oui
120732;Samolus valerandi;Oui
120758;Sanguisorba officinalis;Oui
119883;Salicornia fruticosa;Oui
119892;Salicornia perennis;Oui
120875;Sarracenia purpurea;Oui
120965;Saxifraga aizoides;Oui
120973;Saxifraga androsacea;Oui
120976;Saxifraga aquatica;Oui
717309;Micranthes clusii;Oui
121076;Saxifraga hirculus;Oui
121154;Saxifraga praetermissa;Oui
717310;Micranthes stellaris;Oui
121500;Scheuchzeria palustris;Oui
121549;Schoenoplectus lacustris;Oui
121550;Schoenoplectus litoralis;Oui
976160;Schoenoplectiella mucronata;Oui
121553;Schoenoplectus pungens;Oui
976153;Schoenoplectiella supina;Oui
121555;Schoenoplectus tabernaemontani;Oui
121556;Schoenoplectus triqueter;Oui
121570;Schoenus ferrugineus;Oui
121581;Schoenus nigricans;Oui
121673;Scirpoides holoschoenus;Oui
611922;Scirpoides holoschoenus subsp. australis;Oui
121792;Scirpus sylvaticus;Oui
121960;Scorzonera humilis;Oui
121971;Scorzonera parviflora;Oui
121999;Scrophularia auriculata;Oui
140831;Scrophularia oblongifolia subsp. umbrosa;Oui
122065;Scutellaria columnae;Oui
122069;Scutellaria galericulata;Oui
122070;Scutellaria hastifolia;Oui
122073;Scutellaria minor;Oui
122281;Sedum villosum;Oui
122326;Selinum broteri;Oui
122329;Selinum carvifolia;Oui
103987;Jacobaea aquatica;Oui
122563;Senecio cacaliaster;Oui
122592;Senecio doria;Oui
610644;Jacobaea erratica;Oui
103995;Jacobaea paludosa;Oui
122971;Serratula tinctoria;Oui
123179;Sibthorpia europaea;Oui
123367;Silaum silaus;Oui
106918;Lychnis flos-cuculi;Oui
123789;Sisymbrella aspera;Oui
123926;Sisyrinchium angustifolium;Oui
123933;Sisyrinchium montanum;Oui
123960;Sium latifolium;Oui
124034;Solanum dulcamara;Oui
124139;Soldanella alpina;Oui
124144;Soldanella villosa;Oui
124147;Soleirolia soleirolii;Oui
124150;Solenopsis laurentia;Oui
717556;Solenopsis corsica;Oui
124231;Sonchus aquatilis;Oui
124256;Sonchus maritimus;Oui
124264;Sonchus palustris;Oui
124405;Sparganium angustifolium;Oui
124405;Sparganium angustifolium;Oui
124407;Sparganium emersum;Oui
124408;Sparganium erectum;Oui
124412;Sparganium natans;Oui
1015861;Sporobolus alterniflorus;Oui
1015863;Sporobolus maritimus;Oui
1015865;Sporobolus pumilus;Oui
1015864;Sporobolus x townsendii;Oui
124572;Spergularia media;Oui
124569;Spergularia marina;Oui
124699;Spiranthes aestivalis;Oui
124798;Stachys palustris;Oui
124967;Stellaria alsine;Oui
125021;Stellaria nemorum;Oui
125024;Stellaria palustris;Oui
125259;Suaeda maritima;Oui
125262;Suaeda splendens;Oui
1021698;Suaeda vera;Oui
125264;Subularia aquatica;Oui
125295;Succisa pratensis;Oui
125310;Succisella inflexa;Oui
125319;Swertia perennis;Oui
125355;Symphytum officinale;Oui
125558;Taraxacum cucullatiforme;Oui
125686;Taraxacum palustre;Oui
125899;Tephroseris palustris;Oui
125970;Teucrium aristatum;Oui
126034;Teucrium scordium;Oui
126124;Thalictrum flavum;Oui
126150;Thalictrum lucidum;Oui
126124;Thalictrum flavum;Oui
126276;Thelypteris palustris;Oui
126613;Thysselinum lancifolium;Oui
126615;Thysselinum palustre;Oui
126798;Tofieldia calyculata;Oui
126806;Tofieldia pusilla;Oui
126925;Tozzia alpina;Oui
127191;Trichophorum alpinum;Oui
127193;Trichophorum cespitosum;Oui
127195;Trichophorum pumilum;Oui
160269;Trifolium squamosum;Oui
127386;Trifolium michelianum;Oui
127416;Trifolium ornithopodioides;Oui
127429;Trifolium patens;Oui
127482;Trifolium spadiceum;Oui
127514;Trifolium vesiculosum;Oui
127537;Triglochin barrelieri;Oui
127546;Triglochin maritima;Oui
127547;Triglochin palustris;Oui
127872;Trollius europaeus;Oui
128062;Typha angustifolia;Oui
128066;Typha domingensis;Oui
128077;Typha latifolia;Oui
128078;Typha laxmannii;Oui
128084;Typha minima;Oui
128091;Typha shuttleworthii;Oui
128171;Ulmus laevis;Oui
128308;Utricularia bremii;Oui
128311;Utricularia intermedia;Oui
128315;Utricularia minor;Oui
128318;Utricularia ochroleuca;Oui
128343;Vaccinium microcarpum;Oui
128347;Vaccinium oxycoccos;Oui
142048;Vaccinium uliginosum subsp. uliginosum;Oui
128394;Valeriana dioica;Oui
128397;Valeriana excelsa;Oui
128428;Valeriana pyrenaica;Oui
128792;Veronica anagallis-aquatica;Oui
128793;Veronica anagalloides;Oui
128808;Veronica beccabunga;Oui
128829;Veronica catenata;Oui
128969;Veronica ponae;Oui
129000;Veronica scutellata;Oui
129520;Viola biflora;Oui
142317;Viola canina subsp. ruppii;Oui
129557;Viola elatior;Oui
129639;Viola palustris;Oui
129698;Viola stagnina;Oui
129660;Viola pumila;Oui
129914;Vitex agnus-castus;Oui
142451;Vitis vinifera subsp. sylvestris;Oui
997006;Hesperocodon hederaceus;Oui
130133;Woodwardia radicans;Oui
